Recall Number,Open Date,Year,Class(R),Class(A),Pounds Recalled,Product,Problem Type
001-2008,05/01/2008,2008,I,1,13150,Beef Products,E. coli
002-2008,12/01/2008,2008,I,1,188000,Ground Beef Products,E. coli
003-2008,26/01/2008,2008,I,1,24710,Boneless Skinless Chicken Breast Products,Undeclared Allergen
004-2008,01/02/2008,2008,I,1,8910,Bacon Wrapped Beef Tenderloin Products,Undeclared Allergen
005-2008,17/02/2008,2008,II,2,143383823,Raw and Frozen Beef Products,Other
006-2008,02/03/2008,2008,I,1,2184,Frozen Chicken Entrées,Listeria monocytogenes
007-2008,03/03/2008,2008,I,1,10368,Frozen Chicken Entrées,Listeria monocytogenes
008-2008,04/03/2008,2008,I,1,3780,Frozen Chicken Entrées,Listeria monocytogenes
009-2008,04/03/2008,2008,I,1,6970,Meat and Poultry Products,Listeria monocytogenes
010-2008,14/03/2008,2008,I,1,943000,Poultry Giblets and Carcasses with Giblets Inserted,Other
011-2008,29/03/2008,2008,I,1,1420,Frozen Chicken Breast Products,Other
012-2008,04/04/2008,2008,II,2,406000,Frozen Cattle Heads,Other
013-2008,03/05/2008,2008,I,1,286320,Fresh and Frozen Meat and Poultry Products,Listeria monocytogenes
014-2008,08/05/2008,2008,I,1,68670,Ground Beef Products,E. coli
015-2008,12/05/2008,2008,I,1,22481,Ground Beef Products,Extraneous Material
016-2008,16/05/2008,2008,I,1,Undetermined,Beef Products,E. coli
017-2008,21/05/2008,2008,I,1,290,Pork Blood Sausage,Listeria monocytogenes
018-2008,08/06/2008,2008,I,1,13275,Ground Beef Products,E. coli
019-2008,09/06/2008,2008,I,1,130,Ready-to-Eat (RTE) Chicken Products,Listeria monocytogenes
R01-2008,25/06/2008,2008,I,1,Undetermined,Ground Beef Products,E. coli
020-2008,26/06/2008,2008,II,2,2850,Fresh Cattle Heads,Other
021-2008,26/06/2008,2008,II,2,120,Fresh Cattle Heads,Other
022-2008,30/06/2008,2008,I,1,5300000,Ground Beef Components,E. coli
023-2008,14/07/2008,2008,I,1,199417,Frozen Stuffed Chicken Sandwich Products,Extraneous Material
024-2008,23/07/2008,2008,I,1,1560,Beef Cheek Products,E. coli
025-2008,05/08/2008,2008,I,1,285,RTE Chicken Products,Listeria monocytogenes
026-2008,06/08/2008,2008,II,2,51360,Chicken Breast Tenderloin Products,Undeclared Allergen
027-2008,06/08/2008,2008,I,1,153630,Frozen Ground Beef Products,E. coli
028-2008,07/08/2008,2008,II,2,941271,Cattle Heads,Other
029-2008,08/08/2008,2008,I,1,1360000,Beef Products,E. coli
030-2008,10/08/2008,2008,I,1,4535,Fully Cooked Pork Products,Listeria monocytogenes
031-2008,11/08/2008,2008,I,1,780,Ground Beef Products,E. coli
032-2008,19/08/2008,2008,II,2,987,RTE Chicken Noodle Products,Undeclared Allergen
033-2008,21/08/2008,2008,I,1,215660,Frozen Stuffed Pepperoni Pizza Sandwich Products,Extraneous Material
034-2008,30/09/2008,2008,I,1,16,RTE Turkey Product,Listeria monocytogenes
035-2008,08/10/2008,2008,I,1,2340,Frozen Beef Trim,E. coli
036-2008,08/10/2008,2008,I,1,4200,Frozen Beef Trim,E. coli
037-2008,08/10/2008,2008,I,1,20460,Frozen Beef Trim,E. coli
038-2008,10/10/2008,2008,I,1,420,Frozen Beef Trim,E. coli
039-2008,16/10/2008,2008,I,1,2758,Ground Beef Products,E. coli
040-2008,01/11/2008,2008,I,1,600,RTE and Raw Banger Sausage Rolls,Undeclared Allergen
041-2008,07/11/2008,2008,I,1,41415,Frozen Stuffed Chicken Products,Extraneous Material
042-2008,08/11/2008,2008,I,1,28610,Hot Dog Products,Listeria monocytogenes
043-2008,17/11/2008,2008,I,1,879565,Frozen Chicken Meals,Extraneous Material
044-2008,24/11/2008,2008,I,1,345,Ground Beef Products,E. coli
045-2008,26/11/2008,2008,II,2,8496,Cooked Chicken Strip Products,Undeclared Allergen
046-2008,28/11/2008,2008,I,1,5250,RTE Frozen Beef Sandwich Products,Listeria monocytogenes
047-2008,02/12/2008,2008,II,2,36388,RTE Polish Kielbasa Sausage Products,Undeclared Allergen
048-2008,11/12/2008,2008,II,2,41020,Fresh Pork Products,Chemical Contamination
049-2008,11/12/2008,2008,II,2,4041,Fresh Pork Products,Chemical Contamination
050-2008,11/12/2008,2008,II,2,33880,Fresh Pork Products,Chemical Contamination
051-2008,19/12/2008,2008,I,1,1,Sopressata Sausage Products,Listeria monocytogenes
052-2008,25/12/2008,2008,I,1,750,Sausage Products,Listeria monocytogenes
053-2008,30/12/2008,2008,I,1,172,Burrito Products,Listeria monocytogenes
001-2009,03/01/2009,2009,I,1,3590,Bacon Products,Listeria monocytogenes
002-2009,20/01/2009,2009,II,2,6050,Frozen Stuffed Chicken Products,Extraneous Material
003-2009,30/01/2009,2009,I,1,676560,Frozen Chili Beef Products,Extraneous Material
004-2009,04/02/2009,2009,I,1,983700,Frozen Chicken Entreés,Salmonella
005-2009,06/02/2009,2009,I,1,872,Sausage Products,Listeria monocytogenes
006-2009,13/02/2009,2009,II,2,89531,Granulated Chicken Bouillon Product,Other
007-2009,27/02/2009,2009,II,2,2852,Stuffed Chicken Breast Product,Undeclared Allergen
008-2009,27/02/2009,2009,I,1,13776,Frozen Ground Chicken Product,Extraneous Material
009-2009,12/03/2009,2009,II,2,2858,Chicken Drink Product,Other
010-2009,13/03/2009,2009,II,2,17674,Granulated Chicken Bouillon Product,Other
011-2009,24/03/2009,2009,II,2,3456,Smoked Chicken Sausage Product,Misbranding
012-2009,25/03/2009,2009,I,1,1728,Cheese Frank Product,Undeclared Allergen
013-2009,28/03/2009,2009,II,2,2925,Beef Chicken Goat and Lamb Products,Other
014-2009,03/04/2009,2009,II,2,114540,Chicken Base Product,Other
015-2009,04/04/2009,2009,I,1,12460,Frozen Chicken Egg Roll Product,Salmonella
016-2009,17/04/2009,2009,I,1,37776,Turkey Soup Product,Undeclared Allergen
017-2009,26/04/2009,2009,II,2,139831,Frozen Meat and Poultry Pasta Products,Other
018-2009,29/04/2009,2009,II,2,16213,Hot-Pot Seasoning Product,Other
019-2009,04/05/2009,2009,I,1,4663,Ground Beef Products,E. coli
R01-2009,12/05/2009,2009,I,1,375,Ground Beef Products,E. coli
020-2009,14/05/2009,2009,II,2,4594,Red Pork Tamale Products,Undeclared Allergen
021-2009,14/05/2009,2009,I,1,2075,Frozen Pork Products,Undeclared Allergen
022-2009,21/05/2009,2009,I,1,95898,Ground Beef Products,E. coli
023-2009,22/05/2009,2009,I,1,350000,Beef and Pork Products,Unapproved Substance
024-2009,29/05/2009,2009,III,3,14560,Beef Primal and Subprimal Products,Other
025-2009,29/05/2009,2009,III,3,241000,Ground Beef Products,Extraneous Material
026-2009,02/06/2009,2009,III,3,153698,Chili No Beans,Misbranding
027-2009,02/06/2009,2009,I,1,39973,Ground Beef Products,E. coli
028-2009,03/06/2009,2009,I,1,564,Duck Leg Confit and Kolbase Sausage,Listeria monocytogenes
029-2009,05/06/2009,2009,I,1,79312,Various Fully Cooked Ready to Eat Meat and Poultry Products,Processing Defect
030-2009,08/06/2009,2009,I,1,75,Beef Trim Products,E. coli
031-2009,10/06/2009,2009,III,3,2680000,Fully Cooked Ham Products,Undeclared Substance
032-2009,10/06/2009,2009,I,1,608188,Frozen Poultry Products,Undeclared Allergen
033-2009,22/06/2009,2009,I,1,6152,Ground Beef Products,E. coli
034-2009,24/06/2009,2009,I,1,380000,Beef Products,E. coli
035-2009,24/06/2009,2009,I,1,350,Cervelat Sausage Product,Processing Defect
036-2009,30/06/2009,2009,II,2,208768,Frozen Meat and Poultry Products,Unapproved Substance
037-2009,01/07/2009,2009,I,1,Undetermined,Pre-Packaged Meal Kits,Salmonella
038-2009,12/07/2009,2009,I,1,219,Ground Beef Products,E. coli
039-2009,22/07/2009,2009,I,1,466236,Ground Beef Products,Salmonella
040-2009,29/07/2009,2009,I,1,1450,Ready to Eat Pork Skin Products,Other
041-2009,06/08/2009,2009,I,1,825769,Ground Beef Products,Salmonella
042-2009,13/08/2009,2009,I,1,3516,Ground Beef Products,E. coli
043-2009,17/08/2009,2009,I,1,128,Ground Beef Products,E. coli
044-2009,17/08/2009,2009,II,2,8000,Frozen Pepperoni and Sausage Pizza Products,Undeclared Allergen
045-2009,24/08/2009,2009,I,1,207,Smoked Beef Products,Listeria monocytogenes
046-2009,01/09/2009,2009,I,1,39514,Ready to Eat Meal Kits,Listeria monocytogenes
047-2009,08/09/2009,2009,I,1,6490,Chunky Grilled Steak with Vegetables Canned Soup,Processing Defect
048-2009,11/09/2009,2009,I,1,2000,Frozen Sausage Products,Undeclared Allergen
049-2009,11/09/2009,2009,I,1,2268,Beef and Bean Burrito Products,Listeria monocytogenes
050-2009,24/09/2009,2009,I,1,756,Braunschweiger Sausage Products,Undeclared Allergen
051-2009,25/09/2009,2009,II,2,28470,Frozen Skinless Sausage Cured Pork Longanisa,Undeclared Allergen
052-2009,13/10/2009,2009,I,1,925,Ground Beef Products,E. coli
053-2009,15/10/2009,2009,II,2,33000,Beef Tongues,Other
054-2009,16/10/2009,2009,I,1,11500,Meat and Poultry Products,Other
055-2009,17/10/2009,2009,II,2,5522,Beef Tongues,Other
056-2009,21/10/2009,2009,I,1,14,Smoked Beef Products,Listeria monocytogenes
057-2009,26/10/2009,2009,I,1,1039,Ground Beef Patties,E. coli
058-2009,28/10/2009,2009,II,2,91125,Canned Chili with Beans,Undeclared Allergen
059-2009,31/10/2009,2009,I,1,545699,Ground Beef Products,E. coli
060-2009,04/11/2009,2009,II,2,20286,Canned Cream of Mushroom Soup,Undeclared Allergen
061-2009,04/11/2009,2009,II,2,12181,Roast Beef Deli Products,Undeclared Allergen
062-2009,17/11/2009,2009,II,2,3790,Assorted Meat and Poultry Products,Other
063-2009,17/11/2009,2009,I,1,90,Ground Beef Products,E. coli
064-2009,27/11/2009,2009,II,2,110730,Frozen Beef Steak Fritter Products,Extraneous Material
065-2009,04/12/2009,2009,I,1,22723,Ground Beef Products,Salmonella
066-2009,21/12/2009,2009,I,1,68,Ground Beef Products,E. coli
067-2009,24/12/2009,2009,I,1,248000,Beef Products,E. coli
068-2009,24/12/2009,2009,I,1,312,Ham Products,Listeria monocytogenes
001-2010,09/01/2010,2010,I,1,205,Pork Skin Products,Undeclared Allergen
002-2010,11/01/2010,2010,I,1,2574,Beef Products,E. coli
003-2010,15/01/2010,2010,II,2,490,Beef Carcass,Other
004-2010,18/01/2010,2010,I,1,864000,Beef Products,E. coli
005-2010,20/01/2010,2010,I,1,19200,Frozen Chicken Pot Pie Products,Extraneous Material
006-2010,23/01/2010,2010,I,1,1395989,Italian Sausage Products,Salmonella
007-2010,27/01/2010,2010,II,2,50000,Instant Noodle Products,Other
008-2010,02/02/2010,2010,I,1,14000,Boneless Beef Products,E. coli
009-2010,05/02/2010,2010,II,2,2850,Pork Barbecue Products,Undeclared Allergen
010-2010,10/02/2010,2010,II,2,750,Frozen Cured Pork Patty Mix,Undeclared Allergen
011-2010,10/02/2010,2010,II,2,1485,RTE Sausage Products,Extraneous Material
012-2010,12/02/2010,2010,II,2,16290,Frozen Turkey Patty Products,Undeclared Allergen
004-2010 Expansion,12/02/2010,2010,I,1,4900000,Beef and Veal Products,Other
013-2010,02/03/2010,2010,I,1,96000,Beef Products, E. coli
014-2010,08/03/2010,2010,III,3,186,Baken-ets Fried Pork Skins,Undeclared Substance
015-2010,08/03/2010,2010,I,1,6000,RTE Bacon Base Product,Salmonella
016-2010,09/03/2010,2010,I,1,115700,RTE Beef Product,Salmonella
017-2010,09/03/2010,2010,I,1,1700000,RTE Beef Taquitos and Chicken Quesadilla Products,Salmonella
018-2010,11/03/2010,2010,I,1,Undetermined,Chicken Products,Other
019-2010,12/03/2010,2010,I,1,9400,Enchilada Products,Undeclared Allergen
020-2010,13/03/2010,2010,I,1,12382,Asian-Style Meat and Poultry Products,Other
021-2010,19/03/2010,2010,II,2,10368,Italian Turkey Sausage Products,Undeclared Allergen
022-2010,04/04/2010,2010,I,1,100,Ham Products,Listeria monocytogenes
023-2010,05/04/2010,2010,II,2,25000,Whole Beef Heads,Other
024-2010,17/04/2010,2010,II,2,140000,Fully Cooked Assorted Meat Products,Undeclared Allergen
025-2010,21/04/2010,2010,I,1,135500,Beef Trim Products, E. coli
026-2010,29/04/2010,2010,I,1,414,Brunswick Stew Products,Undeclared Allergen
027-2010,01/05/2010,2010,I,1,460,Fully Cooked Crumbled Pork Sausage Products,Listeria monocytogenes
028-2010,04/05/2010,2010,I,1,822,Prosciutto Products,Listeria monocytogenes
029-2010,05/05/2010,2010,I,1,70,Prosciutto Products,Listeria monocytogenes
030-2010,05/05/2010,2010,II,2,40,Buffalo Style Chicken Salad Products,Extraneous Material
031-2010,07/05/2010,2010,II,2,49600,Fully Cooked Mini Pretzel Dog Products,Other
032-2010,12/05/2010,2010,I,1,250,Chicken and Beef Puff Products,Undeclared Allergen
033-2010,12/05/2010,2010,II,2,87000,Imported Beef Products,Residue
034-2010,14/05/2010,2010,I,1,53000,Ground Beef Products, E. coli
035-2010,17/06/2010,2010,I,1,15000000,SpaghettiOs with Meatballs,Processing Defect
036-2010,17/06/2010,2010,I,1,6740000,Cheesy Chicken And Rice Frozen Meals,Salmonella
037-2010,22/06/2010,2010,I,1,3700,Ground Beef Products,E. coli
038-2010,22/06/2010,2010,I,1,35000,Ground Beef Products,E. coli
039-2010,24/06/2010,2010,II,2,61000,Cooked Canned and Frozen Beef Products,Residue
040-2010,25/06/2010,2010,II,2,109800,BBQ Chicken Pizza Products,Extraneous Material
041-2010,30/06/2010,2010,III,3,600,Beef Stroganoff with Noodles,Misbranding
042-2010,30/06/2010,2010,I,1,9408,Cervelat Summer Sausage,Undeclared Allergen
043-2010,02/07/2010,2010,I,1,66776,Ground and Tenderized Steak Bison Products,E. coli
044-2010,06/07/2010,2010,II,2,8000,Beef Jerky Products,Undeclared Allergen
045-2010,07/07/2010,2010,I,1,17,Fully Cooked Turkey Breast Products,Listeria monocytogenes
046-2010,19/07/2010,2010,II,2,91872,Frozen Chicken Nugget Products,Extraneous Material
047-2010,03/08/2010,2010,I,1,147667,Canned Meatball Products,Undeclared Allergen
048-2010,06/08/2010,2010,I,1,1000000,Frozen Ground Beef Patties and Bulk Ground Beef Products,E. coli
049-2010,23/08/2010,2010,I,1,380000,Deli Meat Products,Listeria monocytogenes
050-2010,28/08/2010,2010,I,1,8500,Ground Beef Products,E. coli
051-2010,01/09/2010,2010,I,1,2070,Cooked Shredded Pork Skin Products,Other
052-2010,13/09/2010,2010,III,3,258000,Cooked Beef Products,Other
053-2010,24/09/2010,2010,II,2,29893,Cured Uncooked Pork Ginger Sausage,Undeclared Allergen
054-2010,04/10/2010,2010,III,3,1608,Spicy Vegetable Potstickers,Misbranding
055-2010,20/10/2010,2010,I,1,4920,RTE Pork Barbecue Products,Salmonella
056-2010,22/10/2010,2010,II,2,2740,Beef Stick Products,Extraneous Material
057-2010,27/10/2010,2010,II,2,54000,RTE Pork Products,Other
058-2010,04/11/2010,2010,I,1,12086,Canned Meat and Poultry Products,Processing Defect
059-2010,05/11/2010,2010,I,1,7325,RTE Chicken Pasta Salad Products,Salmonella
060-2010,14/11/2010,2010,I,1,2609,Fully Cooked RTE Smoked Turkey Breast Products,Listeria monocytogenes
061-2010,23/11/2010,2010,I,1,57,Meat and Cheese Roll Appetizer Products,Listeria monocytogenes
062-2010,02/12/2010,2010,I,1,Undetermined,Various Meat and Poultry Products,Other
063-2010,03/12/2010,2010,I,1,41670,Chicken Tamales,Undeclared Allergen
064-2010,05/12/2010,2010,II,2,72000,Canned Chicken Salad Products,Extraneous Material
065-2010,08/12/2010,2010,II,2,2182,Raw Pork Paste & RTE Fried Pork Loaf Products,Undeclared Allergen
066-2010,10/12/2010,2010,I,1,14430,Sautéed Chicken Products,Undeclared Allergen
067-2010,17/12/2010,2010,II,2,25600,Ground Beef Products,Other
068-2010,29/12/2010,2010,II,2,3874,Teriyaki Beef Jerky Products,Undeclared Allergen
069-2010,30/12/2010,2010,I,1,180000,Breaded Chicken Wing Products,Undeclared Allergen
070-2010,30/12/2010,2010,I,1,34373,Organic Ground Beef Products,E. coli
001-2011,03/01/2011,2011,III,3,600,Frozen Chicken Mushroom Pies,Undeclared Substance
002-2011,06/01/2011,2011,I,1,144633,Frozen Meat and Poultry Tamale Products,Undeclared Allergen
003-2011,10/01/2011,2011,II,2,247800,Ground Beef Products,Other
004-2011,11/01/2011,2011,III,3,101629,Breakfast Stackers Sausage Egg & Cheese,Undeclared Substance
005-2011,14/01/2011,2011,II,2,2234,Beef Trim,Other
006-2011,18/01/2011,2011,I,1,7875,RTE Angus Beef Patties,Listeria monocytogenes
007-2011,28/01/2011,2011,II,2,654,Frozen Veal Ravioli Products,Undeclared Allergen
008-2011,05/02/2011,2011,I,1,3170,Ground Beef Products,E. coli
009-2011,09/02/2011,2011,I,1,4680,Barbecue Pork Products,Undeclared Allergen
010-2011,16/02/2011,2011,II,2,Undetermined,Chili Products,Undeclared Allergen
011-2011,23/02/2011,2011,III,3,1050,Chicken and Noodle Products,Other
012-2011,24/02/2011,2011,I,1,Undetermined,Meat and Poultry Products,Other
013-2011,25/02/2011,2011,III,3,87,Buffalo Chicken Cheese Dip Products,Undeclared Substance
014-2011,25/02/2011,2011,II,2,3339,Whole Chicken Products,Other
015-2011,28/02/2011,2011,I,1,775,Chicken and Mushroom Pie Products,Undeclared Allergen
016-2011,01/03/2011,2011,I,1,64000,Chicken and Pork Products,Listeria monocytogenes
017-2011,08/03/2011,2011,I,1,14158,Ground Beef Products,E. coli
018-2011,09/03/2011,2011,I,1,2997,Bologna Products,Processing Defect
019-2011,11/03/2011,2011,I,1,83,Red Meat Jerky Products,Undeclared Allergen
020-2011,11/03/2011,2011,II,2,5125,Honey Cured Turkey Sticks,Undeclared Allergen
021-2011,14/03/2011,2011,II,2,10260,Frozen Spaghetti and Meatball Entrees,Extraneous Material
022-2011,15/03/2011,2011,III,3,612,Pork Loin Cutlet Fritter Products,Undeclared Substance
023-2011,17/03/2011,2011,I,1,2790,Southwest Style Chicken Products,Undeclared Allergen
024-2011,21/03/2011,2011,III,3,2130,Smoked Ham and Bacon Products,Undeclared Substance
025-2011,22/03/2011,2011,I,1,23000,Lebanon Bologna Products,E. coli
026-2011,29/03/2011,2011,II,2,131000,Pizza Products,Undeclared Allergen
027-2011,31/03/2011,2011,I,1,53210,Frozen Cooked Italian Style Chicken Breast Fillet Products,Undeclared Allergen
028-2011,01/04/2011,2011,I,1,54960,Frozen Raw Turkey Burger Products,Salmonella
029-2011,27/04/2011,2011,II,2,87,Teriyaki Flavored Kippered Turkey and Beef Products,Undeclared Allergen
030-2011,29/04/2011,2011,II,2,772,Beef Jerky Products,Undeclared Allergen
031-2011,30/04/2011,2011,I,1,188181,Reduced Sodium Chicken Noodle Soup,Undeclared Allergen
032-2011,04/05/2011,2011,I,1,216238,Portobello Mushroom Flavored Pork Loins,Undeclared Allergen
033-2011,04/05/2011,2011,I,1,22000,RTE Fresh Salad Products,Salmonella
034-2011,06/05/2011,2011,II,2,285100,Barbecue Beef Pork and Chicken Products,Undeclared Allergen
035-2011,06/05/2011,2011,II,2,18648,Chicken Products,Undeclared Allergen
036-2011,11/05/2011,2011,III,3,252,Kippered Beef,Undeclared Substance
037-2011,13/05/2011,2011,I,1,15900,RTE Deli Meat Products,Listeria monocytogenes
R01-2011,25/05/2011,2011,I,1,500,Ground Beef Products,E. coli
038-2011,27/05/2011,2011,I,1,770,Asian Chicken Noodle Salad,Undeclared Allergen
039-2011,31/05/2011,2011,I,1,900,Ground Beef Products,E. coli
040-2011,02/06/2011,2011,III,3,22594,Chicken and Ham Salad Products,Undeclared Substance
041-2011,10/06/2011,2011,II,2,84000,Cooked Beef and Pork Meatball Products,Undeclared Allergen
042-2011,15/06/2011,2011,I,1,5160,Burgoo Soup,Undeclared Allergen
043-2011,21/06/2011,2011,I,1,3200,Raw and RTE Sausage Products,Other
044-2011,22/06/2011,2011,I,1,36,Pork Egg Rolls,Undeclared Allergen
045-2011,24/06/2011,2011,I,1,5700,Boneless Serrano Ham Products,Listeria monocytogenes
046-2011,05/07/2011,2011,I,1,18416,Boneless Fully Cooked Ham Products,Listeria monocytogenes
047-2011,06/07/2011,2011,I,1,1550,Convenience Meals,Listeria monocytogenes
048-2011,14/07/2011,2011,I,1,137,RTE Smoked Duck Breast Products,Salmonella
049-2011,14/07/2011,2011,I,1,197,RTE Smoked Duck Breast Products,Salmonella
050-2011,19/07/2011,2011,I,1,7105,RTE Chicken Turkey Beef and Pork Products,Listeria monocytogenes
051-2011,20/07/2011,2011,II,2,4530,Marinated Beef Products,Undeclared Allergen
052-2011,20/07/2011,2011,I,1,18412,RTE Chicken Products,Listeria monocytogenes
053-2011,22/07/2011,2011,II,2,6200,Various Beef Jerky Products,Undeclared Allergen
054-2011,22/07/2011,2011,II,2,2560,Chopped Beef Products,Other
055-2011,22/07/2011,2011,I,1,2900,Diced Bacon Products,Listeria monocytogenes
056-2011,27/07/2011,2011,I,1,228596,Beef Products,E. coli
057-2011,27/07/2011,2011,II,2,6240,Frozen Boneless Beef Products,Residue
058-2011,28/07/2011,2011,II,2,33,Teriyaki-Flavored Beef Jerky Products,Undeclared Allergen
059-2011,28/07/2011,2011,I,1,Undetermined,Various Meat Products,Other
060-2011,03/08/2011,2011,I,1,36000000,Fresh and Frozen Ground Turkey Products,Salmonella
061-2011,05/08/2011,2011,III,3,10668,Beef Patty Products,Extraneous Material
062-2011,09/08/2011,2011,I,1,2200,Ground Beef Products,E. coli
063-2011,12/08/2011,2011,I,1,380000,Diced Bacon Products,Listeria monocytogenes
064-2011,12/08/2011,2011,I,1,60424,Ground Beef Products,E. coli
065-2011,15/08/2011,2011,I,1,24,Summer Sausage Products,Undeclared Allergen
066-2011,19/08/2011,2011,III,3,1642,Ground Beef Products,Extraneous Material
067-2011,26/08/2011,2011,I,1,28782,Chicken Sausage Products,Undeclared Allergen
068-2011,26/08/2011,2011,I,1,52191,Chicken Caesar Salad Products,Undeclared Allergen
069-2011,26/08/2011,2011,I,1,229,Chicken Caesar Salads,Undeclared Allergen
070-2011,26/08/2011,2011,I,1,599,Chicken Caesar Salad Products,Undeclared Allergen
071-2011,11/09/2011,2011,I,1,185000,Fresh Ground Turkey Products,Salmonella
072-2011,20/09/2011,2011,I,1,11000,Chicken Beef Veal and Pork Dumpling Products,Undeclared Allergen
073-2011,21/09/2011,2011,I,1,360,Breaded Chicken Breast Products,Processing Defect
074-2011,22/09/2011,2011,II,2,72,Tongue and Blood Sausage,Undeclared Allergen
075-2011,23/09/2011,2011,I,1,40000, Frozen Fine Ground Beef Products ,E. coli
076-2011,26/09/2011,2011,I,1,5550,Pureed Pork Products,Extraneous Material
077-2011,27/09/2011,2011,I,1,131300,Ground Beef Products,E. coli
078-2011,30/09/2011,2011,I,1,80000,Beef Products,E. coli
079-2011,01/10/2011,2011,I,1,57,Salad Products,Salmonella
080-2011,11/10/2011,2011,I,1,377775,Ground Beef Products,E. coli
081-2011,12/10/2011,2011,II,2,875,Center Cut Steaks,Undeclared Allergen
082-2011,13/10/2011,2011,II,2,15760,Frozen Chicken and Steak Fajita Products,Other
083-2011,14/10/2011,2011,I,1,Undetermined,RTE Seasoned Beef and Shredded Pork Products,Other
084-2011,20/10/2011,2011,II,2,2325,Fully Cooked Skinless Turkey Breast Products,Undeclared Allergen
085-2011,25/10/2011,2011,II,2,22100,Carne Guisada,Undeclared Allergen
086-2011,26/10/2011,2011,I,1,4100,RTE Meals,Other
087-2011,27/10/2011,2011,III,3,8888,Frozen Meat and Poultry Pie Products,Unapproved Substance
088-2011,31/10/2011,2011,II,2,11390,Chicken Pot Pie Empanadas,Extraneous Material
089-2011,07/11/2011,2011,I,1,126,Beef Jerky Products,Salmonella
090-2011,08/11/2011,2011,I,1,Undetermined,Broiled Chicken Liver Products,Salmonella
091-2011,14/11/2011,2011,III,3,63,Veal Russian Brand Dumplings,Other
092-2011,23/11/2011,2011,I,1,1080,Stuffed Chicken Products,Undeclared Allergen
093-2011,28/11/2011,2011,II,2,1010,British Style Banger Sausages,Undeclared Allergen
094-2011,29/11/2011,2011,I,1,456,Chicken Sausages,Undeclared Allergen
095-2011,02/12/2011,2011,II,2,500,Frozen Pureed Chicken Products,Undeclared Allergen
096-2011,08/12/2011,2011,II,2,161000,Frozen Stuffed Pasta Products,Other
097-2011,09/12/2011,2011,I,1,4140,Cooked Chicken Breasts,Listeria monocytogenes
098-2011,10/12/2011,2011,II,2,2290,Chorizo Sausage Product,Undeclared Allergen
099-2011,15/12/2011,2011,II,2,130,Meatloaf Entrées,Undeclared Allergen
100-2011,15/12/2011,2011,I,1,Undetermined,Fresh Ground Beef Products,Salmonella
101-2011,16/12/2011,2011,I,1,40948,Ground Beef Products,E. coli
102-2011,30/12/2011,2011,I,1,7500,Marinated Beef and Chicken Products,Undeclared Allergen
001-2012,14/01/2012,2012,I,1,3104,Seasoned Diced Beef Products,Extraneous Material
002-2012,27/01/2012,2012,I,1,2645,Beef Sirloin Products,Undeclared Allergen
003-2012,27/01/2012,2012,I,1,118,Julienne Salad Products,Listeria monocytogenes
004-2012,02/02/2012,2012,I,1,23,Chef Salad Products,Listeria monocytogenes
005-2012,03/02/2012,2012,I,1,515,Cobb Salad Products,Listeria monocytogenes
006-2012,03/02/2012,2012,I,1,389,Cobb and Spinach Salads,Listeria monocytogenes
007-2012,07/02/2012,2012,I,1,1200,Chicken Salad Products,Listeria monocytogenes
008-2012,10/02/2012,2012,II,2,25600,Cooked Pork Hocks,Undeclared Allergen
009-2012,15/02/2012,2012,I,1,Undetermined,Meat and Poultry Products,Other
010-2012,16/02/2012,2012,I,1,3800,Chili Products,Other
011-2012,27/02/2012,2012,III,3,200,Country Breakfast Sausage,Undeclared Substance
012-2012,02/03/2012,2012,II,2,147,Frozen RTE Pizza Stick Products,Other
013-2012,06/03/2012,2012,II,2,12060,Pizza Topping Products,Undeclared Allergen
014-2012,17/03/2012,2012,I,1,1784,Grilled Chicken Caesar Wrap,Undeclared Allergen
015-2012,19/03/2012,2012,III,3,84587,Pork Product,Other
016-2012,21/03/2012,2012,I,1,2373,RTE Beef Sausage Products,Listeria monocytogenes
017-2012,24/03/2012,2012,I,1,16800,Ground Beef Patties,E. coli
018-2012,26/03/2012,2012,I,1,64020,Smoked Sausage Product,Undeclared Allergen
019-2012,29/03/2012,2012,I,1,1100,Stuffed Layered Beef Products,Listeria monocytogenes
020-2012,30/03/2012,2012,I,1,187,Chicken Products,Undeclared Allergen
021-2012,31/03/2012,2012,II,2,26136,Chicken Apple Sausage Products,Extraneous Material
022-2012,03/04/2012,2012,I,1,5400,Stuffed Potato Product,Undeclared Allergen
023-2012,06/04/2012,2012,III,3,50820,Steamed BBQ Flavored Pork Buns,Undeclared Substance
024-2012,11/04/2012,2012,I,1,2057,Ground and Tenderized Beef Products,E. coli
025-2012,17/04/2012,2012,II,2,16890,Frozen Entrées,Undeclared Allergen
026-2012,20/04/2012,2012,I,1,3000,Sausage Products,Undeclared Allergen
027-2012,20/04/2012,2012,I,1,311,Pizza Calzone Products,Listeria monocytogenes
028-2012,10/05/2012,2012,II,2,5156,Chorizo Product,Undeclared Allergen
029-2012,17/05/2012,2012,II,2,3300,Beef Samosa Products,Other
030-2012,17/05/2012,2012,I,1,20520,Lamb Koftis,Undeclared Allergen
031-2012,18/05/2012,2012,II,2,15040,Turkey Burger Product,Undeclared Allergen
032-2012,19/05/2012,2012,II,2,456,Steakhouse Burgers,Undeclared Allergen
033-2012,22/05/2012,2012,II,2,13776,Lasagna Products,Undeclared Allergen
034-2012,24/05/2012,2012,II,2,3660,Smoked Bratwurst Product,Undeclared Allergen
035-2012,24/05/2012,2012,II,2,100,Frozen Raw Chicken Breast Product,Undeclared Allergen
036-2012,01/06/2012,2012,II,2,13200,Raw and RTE Pork Roll Products,Undeclared Allergen
037-2012,02/06/2012,2012,I,1,400,RTE Pork Product,Listeria monocytogenes
038-2012,06/06/2012,2012,I,1,96408,Meat Lasagna Products,Undeclared Allergen
039-2012,11/06/2012,2012,III,3,55757,Pork Dumpling Products,Undeclared Substance
040-2012,13/06/2012,2012,I,1,3534,Raw Stuffed Chicken Product,Undeclared Allergen
041-2012,21/06/2012,2012,III,3,1350,Ground Smoked Bacon Product,Extraneous Material
042-2012,07/07/2012,2012,I,1,324770,Frozen RTE Meat and Poultry Meatballs,Listeria monocytogenes
043-2012,13/07/2012,2012,II,2,94850,Corn Chowder Soup Products,Extraneous Material
044-2012,19/07/2012,2012,I,1,72510,Frozen RTE Meat and Poultry Meatballs,Listeria monocytogenes
045-2012,22/07/2012,2012,I,1,29339,Ground Beef Products,Salmonella
046-2012,26/07/2012,2012,I,1,79,Chicken and Yam Pie Products,Undeclared Allergen
047-2012,27/07/2012,2012,I,1,5610,Barbeque Chicken Salads,Listeria monocytogenes
048-2012,27/07/2012,2012,I,1,735,RTE Chipotle Chicken Wrap Products,Listeria monocytogenes
049-2012,27/07/2012,2012,I,1,314,Sausage Products,Listeria monocytogenes
050-2012,27/07/2012,2012,II,2,70500,Canned Premium Chunk Chicken,Undeclared Allergen
051-2012,01/08/2012,2012,I,1,13600,Meat and Poultry Salad Products,Listeria monocytogenes
052-2012,02/08/2012,2012,II,2,37600,Frozen Bacon Cheeseburger Patties,Extraneous Material
053-2012,05/08/2012,2012,I,1,15880,RTE Meat and Poultry Products,Listeria monocytogenes
054-2012,06/08/2012,2012,III,3,6210,Chorizo Sausage,Undeclared Substance
055-2012,14/08/2012,2012,I,1,38200,Beef Products,E. coli
056-2012,15/08/2012,2012,II,2,4100,Meat and Poultry Soup Products,Extraneous Material
057-2012,15/08/2012,2012,II,2,48000,Turkey Sausage with Cheddar Cheese Products,Extraneous Material
058-2012,16/08/2012,2012,III,3,605,Frozen Boneless Rib-Shaped Patties with BBQ Sauce,Other
059-2012,16/08/2012,2012,I,1,77688,Grilled Chicken Caesar Salad Kits,Salmonella
060-2012,30/08/2012,2012,III,3,2920,Frozen Bratwurst Patties,Extraneous Material
061-2012,14/09/2012,2012,II,2,2250,Crunchy Chicken Strip Products,Extraneous Material
062-2012,21/09/2012,2012,I,1,1305,Bratwurst Sausage Products,Undeclared Allergen
063-2012,28/09/2012,2012,I,1,16576,Corn Dog Products,Undeclared Allergen
064-2012,05/10/2012,2012,II,2,3744,Chicken Quesadilla Product,Undeclared Allergen
065-2012,10/10/2012,2012,I,1,67269,Boneless Chicken Wyngz,Undeclared Allergen
066-2012,15/10/2012,2012,I,1,8200,Various Beef and Pork Products,Other
067-2012,22/10/2012,2012,III,3,1768600,Maple Sausage Links and Patties,Undeclared Substance
068-2012,22/10/2012,2012,I,1,2310,Ground Beef Products,E. coli
069-2012,22/10/2012,2012,I,1,4100,Ground Beef Products,E. coli
070-2012,30/10/2012,2012,II,2,11400,Frozen Chicken Enchilada Products,Extraneous Material
071-2012,01/11/2012,2012,I,1,1440,Chicken Breast Nugget Products,Undeclared Allergen
072-2012,02/11/2012,2012,II,2,28528,Frozen Fully Cooked Chicken Products,Extraneous Material
073-2012,09/11/2012,2012,II,2,99,Beef Tongue Products,Other
074-2012,13/11/2012,2012,I,1,90975,Bourbon Barbecue Sausage Products,Processing Defect
075-2012,20/11/2012,2012,III,3,16100,Kielbasa Products,Extraneous Material
076-2012,21/11/2012,2012,III,3,1331,Chicken Empanadas,Undeclared Substance
077-2012,29/11/2012,2012,III,3,271,Jalapeño Vienna Sausage Products,Undeclared Substance
078-2012,04/12/2012,2012,I,1,2375,RTE Beef and Cheese Pie Products,Other
079-2012,06/12/2012,2012,II,2,35800,Breaded Chicken Products,Extraneous Material
080-2012,14/12/2012,2012,I,1,2650,Mortadella,Undeclared Allergen
081-2012,21/12/2012,2012,I,1,6039,Pigs in the Blanket Products,Undeclared Allergen
082-2012,21/12/2012,2012,I,1,2320,Frozen Honey BBQ Chicken Wing Products,Undeclared Allergen
001-2013,15/01/2013,2013,I,1,2532,Ground Beef Products,E. coli
002-2013,17/01/2013,2013,I,1,2764,Poultry Products,Other
003-2013,18/01/2013,2013,I,1,1572,Chicken Nuggets,Undeclared Allergen
004-2013,19/01/2013,2013,I,1,33500,Cooked Meat and Poultry Products,Listeria monocytogenes
005-2013,22/01/2013,2013,III,3,79400,Marinated Pork and Chicken Products,Undeclared Substance
006-2013,23/01/2013,2013,II,2,Undetermined,Frozen Pizza,Extraneous Material
007-2013,24/01/2013,2013,I,1,4700,Head Cheese,Salmonella
008-2013,24/01/2013,2013,I,1,500,Ground Beef,Salmonella
009-2013,25/01/2013,2013,I,1,550,Ground Beef,Salmonella
010-2013,25/01/2013,2013,I,1,1200,Chicken Fried Chicken Breasts,Extraneous Material
011-2013,28/01/2013,2013,II,2,213,Beef Jerky,Undeclared Allergen
012-2013,30/01/2013,2013,I,1,1260,Veal Trimmings,E. coli
013-2013,31/01/2013,2013,II,2,685,Tamales,Undeclared Allergen
014-2013,02/02/2013,2013,I,1,4454,Liver Pâté,Undeclared Allergen
015-2013,08/02/2013,2013,I,1,15328,Country Fried Steaks,Extraneous Material
016-2013,14/02/2013,2013,I,1,315,Roast Beef,Listeria monocytogenes
017-2013,21/02/2013,2013,II,2,38000,Mild Pork Sausage Roll,Extraneous Material
018-2013,27/02/2013,2013,II,2,8424,Chicken Sausage Product,Extraneous Material
019-2013,02/03/2013,2013,I,1,6586,Ham Products,Other
020-2013,06/03/2013,2013,II,2,25000,Bolognese Sauce,Undeclared Allergen
021-2013,12/03/2013,2013,I,1,6120,Chicken Sausages,Listeria monocytogenes
022-2013,15/03/2013,2013,I,1,2433,Pork Products,Other
023-2013,15/03/2013,2013,III,3,5820,Ground Beef,Extraneous Material
024-2013,25/03/2013,2013,II,2,15270,Bone-in Ribeye,Other
025-2013,28/03/2013,2013,I,1,10500000,Frozen Meal and Snack Products,E. coli
026-2013,02/04/2013,2013,I,1,127000,Breaded Chicken Products,Undeclared Allergen
027-2013,10/04/2013,2013,II,2,1133,Pork Jerky,Undeclared Allergen
028-2013,10/04/2013,2013,I,1,468000,RTE Deli Meats,Listeria monocytogenes
029-2013,01/05/2013,2013,I,1,25000,Frozen Pasta Products,Other
030-2013,02/05/2013,2013,I,1,234,Chorizo and Mozzarella Roll,Undeclared Allergen
031-2013,02/05/2013,2013,I,1,97000,Frozen Pizzas,Extraneous Material
032-2013,02/05/2013,2013,I,1,123,RTE Meatballs,Listeria monocytogenes
033-2013,07/05/2013,2013,I,1,200,Pork Sausages,Other
034-2013,10/05/2013,2013,I,1,17037,Stew Products,Undeclared Allergen
035-2013,10/05/2013,2013,I,1,1471,Pork Pies,Undeclared Allergen
036-2013,21/05/2013,2013,II,2,6165,RTE Grilled Chicken Strips,Undeclared Allergen
037-2013,03/06/2013,2013,I,1,2025,Beef Lasagna,Undeclared Allergen
038-2013,12/06/2013,2013,I,1,678,BBQ Flavored Ranch Salad with Chicken,Undeclared Allergen
039-2013,12/06/2013,2013,II,2,1800,Beef Jerky,Undeclared Allergen
040-2013,18/06/2013,2013,I,1,22737,Ground Beef,E. coli
041-2013,19/06/2013,2013,II,2,18000,Mechanically Separated Chicken,Extraneous Material
042-2013,26/06/2013,2013,II,2,12560,Blue Cheese Chicken Dip Products,Undeclared Allergen
043-2013,31/07/2013,2013,I,1,50100,Ground Beef,E. coli
044-2013,31/07/2013,2013,I,1,2486,Frozen Chicken Meals,Undeclared Allergen
045-2013,09/08/2013,2013,I,1,12600,Boneless Veal,E. coli
046-2013,23/08/2013,2013,II,2,69123,Cured Pork Products,Undeclared Allergen
047-2013,28/08/2013,2013,I,1,109,Beef Jerky,Processing Defect
048-2013,28/08/2013,2013,I,1,116404,Beef Pattie and Chub Products,Undeclared Allergen
049-2013,30/08/2013,2013,I,1,1740,Spaghettios,Undeclared Allergen
050-2013,06/09/2013,2013,I,1,1650,Calzones,Undeclared Allergen
051-2013,12/09/2013,2013,I,1,690,Beef Tongue Root Filet Products,E. coli
052-2013,13/09/2013,2013,I,1,420,Provance French Puff Pastry Product,Undeclared Allergen
053-2013,16/09/2013,2013,I,1,169655,Ravioli Products,Other
054-2013,19/09/2013,2013,I,1,58240,Ground Beef,Extraneous Material
055-2013,25/09/2013,2013,I,1,132950,RTE Chicken and Ham Products,Other
056-2013,27/09/2013,2013,II,2,17194,Frozen Pizza Products,Undeclared Allergen
057-2013,01/10/2013,2013,III,3,89720,Ground Beef,Extraneous Material
058-2013,12/10/2013,2013,I,1,39755,Rotisserie Chicken Products,Salmonella
059-2013,22/10/2013,2013,I,1,22800,Various RTE Products,Listeria monocytogenes
060-2013,22/10/2013,2013,I,1,Undetermined,Ground Beef,E. coli
061-2013,24/10/2013,2013,I,1,222959,RTE Chicken Salad Products,Listeria monocytogenes
062-2013,25/10/2013,2013,I,1,27933,RTE Broccoli Salad Kits,Listeria monocytogenes
063-2013,26/10/2013,2013,II,2,13118,Salami Products,Other
064-2013,07/11/2013,2013,III,3,809,Chicken Sausage,Undeclared Substance
065-2013,10/11/2013,2013,I,1,181620,RTE Salads and Wraps,E. coli
066-2013,13/11/2013,2013,I,1,251,Poultry Products,Other
067-2013,22/11/2013,2013,II,2,101,RTE Pork Roast Products,Other
068-2013,22/11/2013,2013,I,1,156924,Chicken Fettuccine Alfredo Products,Undeclared Allergen
069-2013,22/11/2013,2013,I,1,5616,Bolognese Sauce Products,Undeclared Allergen
070-2013,27/11/2013,2013,III,3,3536,Smoked Uncured Hams,Other
071-2013,06/12/2013,2013,I,1,2600,Prosciutto Ham Product,Listeria monocytogenes
072-2013,06/12/2013,2013,II,2,22368,Chicken Noodle Soup,Undeclared Allergen
073-2013,09/12/2013,2013,I,1,90000,Meat and Poultry Products,Other
074-2013,19/12/2013,2013,I,1,740,Dried Sausage Products,Processing Defect
075-2013,20/12/2013,2013,I,1,24784,Frozen Raw Chicken Products,Other
001-2014,10/01/2014,2014,I,1,33840,Mechanically Separated Chicken Products,Salmonella
002-2014,13/01/2014,2014,I,1,42103,Various Beef Products,Other
003-2014,15/01/2014,2014,I,1,2664,Beef Franks,Undeclared Allergen
004-2014,17/01/2014,2014,II,2,130000,Beef and Pork Products,Undeclared Allergen
005-2014,17/01/2014,2014,I,1,67113,Spiral Hams,Listeria monocytogenes
006-2014,19/01/2014,2014,II,2,1770000,Cheeseburger Mac Products,Undeclared Allergen
007-2014,27/01/2014,2014,II,2,1250000,Frozen Chicken Products,Undeclared Allergen
008-2014,30/01/2014,2014,I,1,2446,Chicken Salad Products,Undeclared Allergen
009-2014,01/02/2014,2014,II,2,144000,Various Meat and Poultry Products,Undeclared Allergen
010-2014,04/02/2014,2014,I,1,15865,Beef Products,E. coli
011-2014,04/02/2014,2014,I,1,54673,Chicken Noodle Soup,Undeclared Allergen
012-2014,08/02/2014,2014,I,1,365,Beef Jerky,Processing Defect
013-2014,08/02/2014,2014,I,1,8742700,Various Beef Products,Other
014-2014,11/02/2014,2014,II,2,90000,Beef Jerky Products,Undeclared Allergen
015-2014,15/02/2014,2014,I,1,309594,Dried Egg Products,Salmonella
016-2014,22/02/2014,2014,II,2,8895,Various Meat Products,Other
017-2014,26/02/2014,2014,I,1,1282,Liver Pâté,Other
018-2014,07/03/2014,2014,I,1,29200,Chicken Products,Undeclared Allergen
019-2014,01/04/2014,2014,I,1,8730,Chicken Products,Undeclared Allergen
020-2014,02/04/2014,2014,I,1,633,Fettuccini Alfredo with Chicken Products,Undeclared Allergen
021-2014,04/04/2014,2014,II,2,75320,Chicken Nugget Products,Extraneous Material
022-2014,17/04/2014,2014,II,2,5723,Salami Type Products,Other
023-2014,19/04/2014,2014,I,1,24000,Chicken Breast Tenders Products,Undeclared Allergen
024-2014,20/04/2014,2014,I,1,96000,Hot Dog Products,Undeclared Allergen
025-2014,24/04/2014,2014,I,1,36,Baby Back Ribs,Other
026-2014,25/04/2014,2014,II,2,350,Barbecue Pork Products,Undeclared Allergen
027-2014,03/05/2014,2014,I,1,130,Curry Chicken Salad,Listeria monocytogenes
028-2014,16/05/2014,2014,I,1,222000,Pork and Poultry Products,Other
029-2014,16/05/2014,2014,III,3,449000,Pork Products,Other
030-2014,19/05/2014,2014,I,1,1800000,Ground Beef Products,E. coli
031-2014,21/05/2014,2014,I,1,23250,Chicken Breast and Tender Products,Undeclared Allergen
032-2014,23/05/2014,2014,I,1,568503,Beef Products,Undeclared Allergen
033-2014,29/05/2014,2014,III,3,363,Boneless Skinless Chicken Breasts ,Other
034-2014,11/06/2014,2014,II,2,4012,Ribeye and Carcass Products,Other
035-2014,13/06/2014,2014,I,1,3156,Turkey Base,Undeclared Allergen
036-2014,19/06/2014,2014,I,1,12180,Chicken Pad Thai,Undeclared Allergen
037-2014,19/06/2014,2014,II,2,3660,Slab Bacon,Undeclared Allergen
038-2014,21/06/2014,2014,I,1,332,Pork Mini Buns Products,Undeclared Allergen
039-2014,25/06/2014,2014,II,2,1761,Sausage Products,Undeclared Allergen
040-2014,25/06/2014,2014,III,3,34,Pork Products,Undeclared Substance
041-2014,26/06/2014,2014,II,2,14760,Raw Pork Nugget Products,Undeclared Allergen
042-2014,27/06/2014,2014,II,2,5896,Deli Ham Product,Extraneous Material
043-2014,03/07/2014,2014,I,1,75465,Beef Products,Extraneous Material
044-2014,03/07/2014,2014,I,1,0,Chicken Products,Salmonella
045-2014,04/07/2014,2014,I,1,59,Various Chicken Products,Other
046-2014,18/07/2014,2014,I,1,202,Grilled Chicken Product,Undeclared Allergen
047-2014,22/07/2014,2014,II,2,82440,Sausage Product,Undeclared Allergen
048-2014,24/07/2014,2014,I,1,475,Ready-to-Eat Products,Listeria monocytogenes
049-2014,26/07/2014,2014,I,1,2476,Raw Boneless Turkey Breasts,Undeclared Allergen
050-2014,06/08/2014,2014,I,1,106800,Sausage Product,Undeclared Allergen
051-2014,09/08/2014,2014,III,3,57578,Chicken Strip Products,Processing Defect
052-2014,12/08/2014,2014,II,2,15306,Chicken Nugget Product,Extraneous Material
053-2014,15/08/2014,2014,I,1,368,Ground Beef Products,E. coli
054-2014,21/08/2014,2014,I,1,92657,Chicken Caesar Salad Kits,Listeria monocytogenes
055-2014,27/08/2014,2014,I,1,8316,Breaded Chicken Product,Listeria monocytogenes
056-2014,06/09/2014,2014,II,2,720,Fresh Raw Chicken Products,Processing Defect
057-2014,12/09/2014,2014,I,1,4820,Pork Sausage,Undeclared Allergen
058-2014,12/09/2014,2014,I,1,0,Beef Jerky Products,Other
059-2014,23/09/2014,2014,I,1,607, Uncured Beef Corn Dogs,Other
060-2014,25/09/2014,2014,I,1,39747,Frozen Chicken Breast Strips,Listeria monocytogenes
061-2014,25/09/2014,2014,I,1,23100,Beef Products,E. coli
062-2014,27/09/2014,2014,I,1,8,Beef Jerky Products,Other
063-2014,30/09/2014,2014,III,3,2633,Ground Beef,Extraneous Material
064-2014,02/10/2014,2014,I,1,160,Pork Blood Product,Other
065-2014,03/10/2014,2014,I,1,48,Beef Jerky Products,Other
066-2014,04/10/2014,2014,II,2,90987,Ground Beef Products,Extraneous Material
067-2014,06/10/2014,2014,I,1,540,Beef Products,Processing Defect
068-2014,07/10/2014,2014,I,1,62488,Meat and Poultry Products,Listeria monocytogenes
069-2014,14/10/2014,2014,I,1,1008,Italian Style Wedding Soup,Undeclared Allergen
070-2014,16/10/2014,2014,II,2,115505,Chicken Products,Undeclared Allergen
071-2014,17/10/2014,2014,I,1,27948,Lamb Products,Other
072-2014,24/10/2014,2014,II,2,377,Salad with Chicken,Undeclared Allergen
073-2014,24/10/2014,2014,I,1,28980,Chicken Products,Salmonella
074-2014,25/10/2014,2014,I,1,31689,Chicken Products,Other
075-2014,30/10/2014,2014,I,1,25765,Boudin Products,Other
076-2014,06/11/2014,2014,I,1,6560,Pork Products,Undeclared Allergen
077-2014,09/11/2014,2014,II,2,4465,Frozen Pork Products,Undeclared Allergen
078-2014,14/11/2014,2014,I,1,2059,Pierogi Products,Undeclared Allergen
079-2014,15/11/2014,2014,I,1,1208951,Pretzel Dog Products,Undeclared Allergen
080-2014,19/11/2014,2014,II,2,2902,Pork Products,Undeclared Allergen
081-2014,19/11/2014,2014,I,1,14,Sausage Products,Undeclared Allergen
082-2014,22/11/2014,2014,I,1,1200,Ground Beef Products,E. coli
083-2014,04/12/2014,2014,I,1,44372,Pork Belly Product,Other
084-2014,10/12/2014,2014,II,2,308,Chef Salads with Ham and Turkey,Undeclared Allergen
085-2014,19/12/2014,2014,III,3,2719,Spicy Sausage Pasta Products,Other
086-2014,22/12/2014,2014,III,3,80050,Hickory Smoked Sliced Bacon,Undeclared Substance
087-2014,22/12/2014,2014,I,1,26108,Pork Products,Other
088-2014,23/12/2014,2014,III,3,3450,Sliced Uncured Apple Smoked Bacon ,Other
089-2014,27/12/2014,2014,I,1,190450,Pork Products,Undeclared Allergen
090-2014,27/12/2014,2014,I,1,83666,Pork products,Undeclared Allergen
091-2014,27/12/2014,2014,I,1,55813,Chicken and Beef Products,Undeclared Allergen
092-2014,29/12/2014,2014,I,1,38400,Beef and Pork Products,Undeclared Allergen
093-2014,31/12/2014,2014,I,1,5300,Chicken Products,Undeclared Allergen
094-2014,31/12/2014,2014,I,1,4474,Canned Soup Products,Undeclared Allergen
001-2015,02/01/2015,2015,I,1,35275,Australian Bone-In Lamb Shoulder,Other
002-2015,07/01/2015,2015,I,1,359,Boneless Beef,Other
003-2015,07/01/2015,2015,I,1,35865,Chili With Beans,Undeclared Allergen
004-2015,08/01/2015,2015,I,1,48139,RTE Beef and Pork Products,Extraneous Material
005-2015,08/01/2015,2015,I,1,7092,Halal Beef Soujouk Dried Beef Sausage,Undeclared Allergen
006-2015,09/01/2015,2015,I,1,1062,Smoked Pork Andouille Sausage,Undeclared Allergen
007-2015,12/01/2015,2015,I,1,700,Beef Cut Strips for Fajita,Undeclared Allergen
008-2015,14/01/2015,2015,III,3,33948,Ground Beef,Extraneous Material
009-2015,14/01/2015,2015,I,1,1690,Beef Franks Hot & Spicy Chipotle,Undeclared Allergen
010-2015,16/01/2015,2015,I,1,931,Tasso,Undeclared Allergen
011-2015,16/01/2015,2015,I,1,48210,Chorizo,Undeclared Allergen
012-2015,16/01/2015,2015,I,1,869,Beef and Chicken Products,Undeclared Allergen
013-2015,17/01/2015,2015,I,1,3233,Iberico Pork Ham,Other
014-2015,17/01/2015,2015,I,1,8856,La Guadalupana Chicken Tamales,Other
015-2015,17/01/2015,2015,I,1,168473,Dehydrated Pork Broth,Other
016-2015,17/01/2015,2015,I,1,14130,Chicken and Beef,Undeclared Allergen
017-2015,21/01/2015,2015,I,1,130,Three Little Pigs French Pork Rillettes,Other
018-2015,21/01/2015,2015,I,1,1819,Beef Chicken and Pork,Undeclared Allergen
019-2015,23/01/2015,2015,I,1,1140,Teriyaki Flavored ChicNSteakes,Undeclared Allergen
020-2015,23/01/2015,2015,I,1,17700,Chicken Breast Fritters,Undeclared Allergen
021-2015,26/01/2015,2015,I,1,376,Rabbit Elk Duck Sausage,Undeclared Allergen
022-2015,28/01/2015,2015,I,1,1620,Beef Trim,E. coli
023-2015,29/01/2015,2015,I,1,14610,Ginseng Chicken Stew,Other
024-2015,30/01/2015,2015,I,1,2863,Smokehouse Deli Karpatskaya Smoked Salami,Processing Defect
025-2015,30/01/2015,2015,I,1,529,Natural Dehydrated Pork Broth,Other
026-2015,30/01/2015,2015,I,1,42,Seasoned St. Louis Style Ribs,Undeclared Allergen
027-2015,30/01/2015,2015,I,1,70077,Cooked Pork,Undeclared Allergen
028-2015,04/02/2015,2015,III,3,29,Beer Bratwurst,Other
029-2015,10/02/2015,2015,I,1,2705,Poultry Products,Other
030-2015,10/02/2015,2015,I,1,33191,Ready To Eat Products,Undeclared Allergen
031-2015,13/02/2015,2015,I,1,1999,Boneless Beef Products,Other
032-2015,17/02/2015,2015,II,2,4287,Pork Sausage Products,Undeclared Allergen
033-2015,17/02/2015,2015,I,1,59,Egg Sausage and Cheese Tortilla,Undeclared Allergen
034-2015,19/02/2015,2015,I,1,21427,RTE Beef Patties,Listeria monocytogenes
035-2015,20/02/2015,2015,I,1,50904,Frozen Pork Belly,Other
036-2015,26/02/2015,2015,II,2,42669,RTE Link Sausages,Undeclared Allergen
037-2015,01/03/2015,2015,I,1,32,Beef Jerky,Processing Defect
038-2015,02/03/2015,2015,II,2,126705,Beef Products,Undeclared Allergen
039-2015,04/03/2015,2015,II,2,1400,Bavarian Meats Bavarian Brand Loaf,Undeclared Allergen
040-2015,05/03/2015,2015,I,1,50953,Pork and Beef Products,Other
041-2015,06/03/2015,2015,I,1,58180,Ready-To-Eat Beef Products,Listeria monocytogenes
042-2015,12/03/2015,2015,I,1,10429,Chicken Products,Undeclared Allergen
043-2015,12/03/2015,2015,II,2,30665,Uncured Bacon Bits,Undeclared Allergen
044-2015,13/03/2015,2015,I,1,644,Fried Pork Skin,Other
045-2015,14/03/2015,2015,II,2,16722,Various Beef and Chicken Products,Undeclared Allergen
046-2015,14/03/2015,2015,II,2,3700,Beef Products,Undeclared Allergen
047-2015,17/03/2015,2015,III,3,134,Buffalo Jerky,Other
048-2015,18/03/2015,2015,I,1,31851,Stone Ridge Roasted Garlic Pork Tenderloin,Undeclared Allergen
049-2015,20/03/2015,2015,I,1,232,Pork Potstickers and Chicken Dim Su,Undeclared Allergen
050-2015,20/03/2015,2015,I,1,385,Pork and Beef Products,Other
051-2015,23/03/2015,2015,III,3,2149,Roast Beef,Other
052-2015,25/03/2015,2015,III,3,62841,Flap Meat Tb,Other
053-2015,01/04/2015,2015,I,1,1108,Canned Corned Beef,Other
054-2015,02/04/2015,2015,I,1,4,RTE Smoked Beef and Pork Product,Listeria monocytogenes
055-2015,02/04/2015,2015,I,1,902,Raw Cuts Of Beef Lamb and Goat,Other
056-2015,08/04/2015,2015,I,1,450,Beef and Chicken Burritos,Other
057-2015,08/04/2015,2015,I,1,34923,Pork and Chicken Tamale,Undeclared Allergen
058-2015,10/04/2015,2015,III,3,8294,Ground Beef,Extraneous Material
059-2015,11/04/2015,2015,II,2,15600,Pork Yucatan Tamales Beef Brisket,Undeclared Allergen
060-2015,14/04/2015,2015,I,1,1800,Veal Carcasses,Other
061-2015,14/04/2015,2015,I,1,1920,Chicken Baby Food,Extraneous Material
062-2015,15/04/2015,2015,II,2,569,Cured Ham Bacon and Jowls,Other
063-2015,17/04/2015,2015,I,1,3821,Beef and Chicken Blintzes,Undeclared Allergen
064-2015,18/04/2015,2015,I,1,2129,Cured and Uncured Pork,Processing Defect
065-2015,20/04/2015,2015,III,3,737,Smoked Turkey and Beef Items,Undeclared Substance
066-2015,20/04/2015,2015,II,2,59203,Fully Cooked Chicken Sausage Products,Other
067-2015,23/04/2015,2015,I,1,34075,Grilled Chicken Breast Products,Extraneous Material
068-2015,24/04/2015,2015,I,1,10164,Beef and Pork Products,Undeclared Allergen
069-2015,24/04/2015,2015,II,2,3350,Beef and Pork Products,Undeclared Allergen
070-2015,27/04/2015,2015,I,1,1029,Beef Products,E. coli
071-2015,29/04/2015,2015,I,1,9073384,Beef and Chicken Products,Undeclared Allergen
072-2015,30/04/2015,2015,II,2,159291,Dried Beef Sausage,Undeclared Allergen
073-2015,01/05/2015,2015,II,2,4672,Chicken Noodle Soup,Other
074-2015,01/05/2015,2015,II,2,22,Ground Beef,Extraneous Material
075-2015,07/05/2015,2015,I,1,665,Beef Products,Undeclared Allergen
076-2015,07/05/2015,2015,II,2,1729,Raw Pork and Chicken Sausage Products,Undeclared Allergen
077-2015,08/05/2015,2015,II,2,46612,Barbequed Pork With Sauce,Undeclared Allergen
079-2015,14/05/2015,2015,II,2,2191,Chicken and Turkey Products,Unapproved Substance
078-2015,16/05/2015,2015,II,2,414,Pork and Veal Stuffing Product,Undeclared Allergen
080-2015,17/05/2015,2015,I,1,2522,Boneless Veal Trim Products,E. coli
081-2015,20/05/2015,2015,I,1,598374,Chicken Beef and Pork Products,Other
082-2015,22/05/2015,2015,II,2,12,Roast Beef,Undeclared Allergen
083-2015,22/05/2015,2015,II,2,4038,Pork Products,Other
084-2015,29/05/2015,2015,I,1,18000,Turkey and Cheese Lunch Kits,Undeclared Allergen
085-2015,03/06/2015,2015,I,1,16000,Ground Beef Products,E. coli
086-2015,04/06/2015,2015,II,2,29052,Poultry and Pork Products,Other
087-2015,04/06/2015,2015,I,1,49308,Pork Sausage Products,Extraneous Material
088-2015,06/06/2015,2015,II,2,11670,Chicken and Turkey Sausage Products,Other
089-2015,09/06/2015,2015,II,2,93006,Poultry Products,Undeclared Allergen
090-2015,12/06/2015,2015,II,2,529,Beef Tongue,Other
091-2015,15/06/2015,2015,I,1,36,Pork Products,Other
092-2015,16/06/2015,2015,II,2,25380,Pork Sausage,Undeclared Allergen
093-2015,17/06/2015,2015,III,3,668316,Poultry Products,Undeclared Substance
094-2015,20/06/2015,2015,I,1,2478,Pork and Beef Products,Listeria monocytogenes
095-2015,26/06/2015,2015,I,1,67232,Beef Products,Other
096-2015,02/07/2015,2015,I,1,1765814,Raw Stuffed Poultry Products,Salmonella
097-2015,03/07/2015,2015,I,1,26975,Beef Products,E. coli
098-2015,07/07/2015,2015,I,1,1540,Beef Lips,Other
099-2015,10/07/2015,2015,II,2,495,Turkey Sausage Products,Extraneous Material
100-2015,15/07/2015,2015,I,1,20232,Gluten-Free Breaded Chicken Product,Other
101-2015,15/07/2015,2015,I,1,2539680,Raw Stuffed and Breaded Chicken,Salmonella
102-2015,16/07/2015,2015,III,3,5960,Sausage Products,Other
103-2015,20/07/2015,2015,III,3,778,Salad Products With Bacon,Undeclared Substance
104-2015,23/07/2015,2015,I,1,Undetermined,Beef Products,E. coli
105-2015,30/07/2015,2015,I,1,12672,Squab,Other
106-2015,31/07/2015,2015,I,1,3574,Poultry and Pork Products,Other
107-2015,03/08/2015,2015,II,2,17,Beef Sausages,Other
108-2015,07/08/2015,2015,II,2,7368,Cut-Up Chicken Products,Other
109-2015,11/08/2015,2015,I,1,185,Jambalaya With Chicken and Andouille,Undeclared Allergen
110-2015,13/08/2015,2015,I,1,523380,Whole Roaster Hogs & Assorted Pork,Salmonella
111-2015,14/08/2015,2015,I,1,Undetermined,Steak and Chicken Pie Products,Other
112-2015,17/08/2015,2015,I,1,3950,Beef Tallow,Other
113-2015,25/08/2015,2015,II,2,2068467,Oscar Mayer Turkey Bacon Variety,Other
114-2015,26/08/2015,2015,II,2,6644,Duck Head and Duck Neck Products,Undeclared Allergen
115-2015,27/08/2015,2015,III,3,20063,Marinated Boneless Beef Tender Tip,Undeclared Allergen
116-2015,28/08/2015,2015,I,1,41,Kung Pao-Style Chicken Wrap,Undeclared Allergen
117-2015,31/08/2015,2015,I,1,7228,Canned Corned Beef,Other
118-2015,31/08/2015,2015,III,3,501509,Quarter Pound Beef Patties,Undeclared Substance
119-2015,02/09/2015,2015,I,1,89235,Pork Sausage Products,Extraneous Material
120-2015,08/09/2015,2015,I,1,5391,Salami,Undeclared Substance
121-2015,08/09/2015,2015,I,1,20,Ground Beef,E. coli
122-2015,10/09/2015,2015,I,1,18406,Pork Rinds,Undeclared Allergen
123-2015,16/09/2015,2015,I,1,1280,Parma Boneless Ham,Other
124-2015,24/09/2015,2015,I,1,554090,Poultry Products,Extraneous Material
125-2015,25/09/2015,2015,II,2,216,Chicken Product,Undeclared Allergen
126-2015,29/09/2015,2015,I,1,230,Frozen Beef and Pork Products,Undeclared Allergen
127-2015,17/10/2015,2015,I,1,12566,Beef Pork and Poultry,Other
128-2015,20/10/2015,2015,I,1,276,Turkey Meatloaf,Undeclared Allergen
129-2013,22/10/2015,2015,I,1,25920,Turkey Products,Other
130-2015,22/10/2015,2015,I,1,2659,Packaged Soup Products,Other
131-2015,24/10/2015,2015,I,1,234,Curry Chicken Salad Products,Listeria monocytogenes
132-2015,26/10/2015,2015,I,1,224,14-Lb. Of Smoked Kielbasa 100-Lb.,Listeria monocytogenes
133-2015,30/10/2015,2015,I,1,332,Beef Chicken and Pork Dumpling,Other
134-2015,30/10/2015,2015,II,2,190,Gluten Free Turkey Meatballs,Other
135-2015,01/11/2015,2015,I,1,167427,Ground Beef,E. coli
136-2015,01/11/2015,2015,I,1,265,Salad Kits With Chicken,Undeclared Allergen
137-2015,06/11/2015,2015,II,2,168,Beef-Filled Dough (Steak Fiesta),Undeclared Allergen
138-2015,06/11/2015,2015,I,1,4030,Boneless Pork Shoulders Products,Other
139-2015,07/11/2015,2015,I,1,5208,Beef and Pork Jalapeño Cheddar Bratwurst,Undeclared Allergen
140-2015,07/11/2015,2015,I,1,3607,Beef Pork and Poultry,Undeclared Allergen
141-2015,16/11/2015,2015,II,2,52486,Chicken Wings,Other
142-2015,19/11/2015,2015,II,2,59028,Mama Cozzis Rising Crust Pepperoni,Undeclared Allergen
143-2015,25/11/2015,2015,II,2,Undetermined,Seasoned-Cooked Beef Top Round Product,Undeclared Allergen
144-2015,27/11/2015,2015,I,1,1754,Beef and Chicken Empanada,Other
145-2015,03/12/2015,2015,I,1,152010,Frozen Pureed Meat and Poultry,Undeclared Allergen
146-2015,09/12/2015,2015,II,2,12146,Boneless Ham,Undeclared Allergen
147-2015,18/12/2015,2015,I,1,4338,Cured Pork Products,Other
148-2015,19/12/2015,2015,I,1,Undetermined,Cured Pork Products,Other
149-2015,22/12/2015,2015,II,2,285264,Boneless Pork Rib Entrées,Extraneous Material
150-2015,31/12/2015,2015,II,2,235,Jafflz Retro Pocket Sandwiches,Processing Defect
001-2016,04/01/2016,2016,II,2,89568,Beef products ,Extraneous Material
002-2016,05/01/2016,2016,I,1,14,Cajun Hickory Smoked Pork Tasso ,Listeria monocytogenes
003-2016,05/01/2016,2016,I,1,1125,Chicken products ,Other
004-2016,06/01/2016,2016,I,1,7687,Beef Pork and Chicken Products ,Other
005-2016,08/01/2016,2016,II,2,4040,Pork Sausage,Undeclared Substance
006-2016,16/01/2016,2016,II,2,22182,Sweet Apple Chicken Sausage,Undeclared Substance
007-2016,20/01/2016,2016,I,1,410,Ground Beef,E. coli
008-2016,22/01/2016,2016,III,3,549539,Chili without Beans,Undeclared Substance
009-2016,23/01/2016,2016,I,1,38950,Meat and Poultry Pasta Products,Other
010-2016,25/01/2016,2016,II,2,73898,Pepperoni Pizza,Undeclared Substance
011-2016,25/01/2016,2016,II,2,1320,Beef Knockwurst Sausage Links ,Undeclared Substance
012-2016,30/01/2016,2016,I,1,289,Beef and Chicken ,Other
013-2016,05/02/2016,2016,I,1,491,Pork Meat Ravioli ,Other
014-2016,08/02/2016,2016,I,1,135,Uncured Bacon Ganache Bar,Undeclared Allergen
015-2016,09/02/2016,2016,II,2,450, Beef Stew,Extraneous Material
016-2016,12/02/2016,2016,I,1,25215,Pork Bacon Fritters,Extraneous Material
017-2016,13/02/2016,2016,I,1,7275,Meatball Soup Products ,Other
018-2016,16/02/2016,2016,II,2,3710,Southwest Style Chicken Salad,Extraneous Material
019-2016,19/02/2016,2016,I,1,1006,Edamame Hummus Wrap,Undeclared Allergen
020-2016,23/02/2016,2016,III,3,6000,Shirakiku Pork Gyoza Dumplings,Undeclared Substance
021-2016,25/02/2016,2016,I,1,3004,Various Chicken Salad Products ,Listeria monocytogenes
022-2016,03/03/2016,2016,II,2,19200,Fully Cooked Chicken Products,Undeclared Allergen
023-2016,05/03/2016,2016,I,1,4530, Chicken Nuggets,Extraneous Material
024-2016,10/03/2016,2016,I,1,267024,Chicken Pizza and Lasagna Products,Extraneous Material
025-2016,22/03/2016,2016,I,1,111,Southwest Chicken Salad,Undeclared Allergen
026-2016,06/04/2016,2016,I,1,2881,Meat & Poultry Pinwheels,Extraneous Material
027-2016,07/04/2016,2016,I,1,5176844, Fully Cooked Chicken Products,Extraneous Material
028-2016,12/04/2016,2016,I,1,467,Pork Sausage and Bacon Products,Undeclared Allergen
029-2016,14/04/2016,2016,I,1,10455,Chicken and Turkey Products,Undeclared Allergen
030-2016,16/04/2016,2016,I,1,3469,Breaded Pork Products ,Undeclared Allergen
031-2016,21/04/2016,2016,I,1,325,Beef Patties,E. coli
032-2016,29/04/2016,2016,I,1,1341,Meat and Poultry Wraps and Salads,Other
033-2016,29/04/2016,2016,I,1,220450,Fully Cooked Chicken Nuggets,Extraneous Material
034-2016,04/05/2016,2016,I,1,33610,Salad with Chicken,Listeria monocytogenes
035-2016,04/05/2016,2016,I,1,1575,Vegetable Lasagna Products ,Undeclared Allergen
036-2016,05/05/2016,2016,I,1,471,Charcuterie Meat Products,Other
037-2016,07/05/2016,2016,I,1,117350,Meat Tamale Products,Listeria monocytogenes
038-2016,07/05/2016,2016,I,1,497,Beef Jerky,Processing Defect
039-2016,10/05/2016,2016,I,1,114870,Chicken Fried Rice,Listeria monocytogenes
040-2016,11/05/2016,2016,I,1,47112257,NRTE Meat and Poultry Products,Listeria monocytogenes
041-2016,18/05/2016,2016,III,3,5616,Pork Dumplings,Undeclared Substance
042-2016,19/05/2016,2016,II,2,84340,Frozen Beef Entrees,Undeclared Allergen
043-2016,20/05/2016,2016,I,1,373,Citrus Kale Salad with Chicken,Listeria monocytogenes
044-2016,26/05/2016,2016,II,2,151,Thai Style Chicken Mango Salad,Undeclared Allergen
045-2016,27/05/2016,2016,III,3,150,Pulled Pork with Barbecue ,Other
046-2016,03/06/2016,2016,I,1,15996,Broccoli Salad Dressing,Listeria monocytogenes
047-2016,04/06/2016,2016,I,1,873,Beef Turkey and Chicken Meat Pies,Other
048-2016,13/06/2016,2016,I,1,762,Dried Pork Sausage,Other
049-2016,14/06/2016,2016,I,1,3586,Beef Cuts and Trimmings ,E. coli
050-2016,17/06/2016,2016,I,1,10198,Various Dumplings and Wontons,Undeclared Allergen
051-2016,18/06/2016,2016,I,1,55608,Various Bulk Chicken Parts,Extraneous Material
052-2016,20/06/2016,2016,I,1,29645,Swai Fillets,Other
053-2016,26/06/2016,2016,I,1,2444,Caesar Salad with Chicken Breast,Undeclared Allergen
054-2016,01/07/2016,2016,II,2,5682,RTE Salad with Chicken,Undeclared Allergen
055-2016,01/07/2016,2016,I,1,42,Lemongrass Basil Chicken Entrees,Listeria monocytogenes
056-2016,06/07/2016,2016,I,1,195597,Frozen Meat and Poultry Entrees,Extraneous Material
057-2016,08/07/2016,2016,I,1,44850,NRTE Meat and Poultry Products  ,E. coli
058-2016,12/07/2016,2016,I,1,5850,Uncooked Chicken Tenderloin Fritter,E. coli
059-2016,13/07/2016,2016,I,1,5677,Shrimp Scampi,Undeclared Allergen
060-2016,14/07/2016,2016,II,2,21521,Siluriformes fish (catfish),Residue
061-2016,19/07/2016,2016,I,1,372684,RTE Hot Dog and Corn Dog Products,Other
062-2016,21/07/2016,2016,I,1,11658,Whole Roaster Hogs,Salmonella
063-2016,22/07/2016,2016,II,2,4692,Wild Boar Brotwurst,Other
064-2016,26/07/2016,2016,I,1,2606,Non Intact Beef Products,E. coli
065-2016,26/07/2016,2016,I,1,8800,Beef,E. coli
066-2016,27/07/2016,2016,I,1,636,Dried Chicken Noodle Soup Mix,Other
067-2016,28/07/2016,2016,I,1,845,Meat Pasta Products,Other
068-2016,29/07/2016,2016,I,1,295,Beef Jerky ,Other
069-2016,03/08/2016,2016,II,2,204,Sausage Bangers,Undeclared Allergen
070-2016,06/08/2016,2016,I,1,0,Various Meat and Poultry Products,Undeclared Allergen
071-2016,10/08/2016,2016,II,2,60350,Ground Beef,Extraneous Material
072-2016,21/08/2016,2016,I,1,1951,Meat and Poultry Products,Other
073-2016,24/08/2016,2016,II,2,7420,Beef Brains,Other
074-2016,25/08/2016,2016,II,2,21570,Chicken Entrees,Extraneous Material
075-2016,26/08/2016,2016,I,1,18672,Bacon and Cheddar Smoked Sausages,Undeclared Allergen
076-2016,01/09/2016,2016,II,2,422,Chicken wraps,Undeclared Allergen
077-2016,08/09/2016,2016,I,1,35,Ground Beef,E. coli
078-2016,09/09/2016,2016,I,1,15,Lamb,E. coli
079-2016,10/09/2016,2016,I,1,662,Various Meat and Poultry Products,Other
080-2016,10/09/2016,2016,II,2,32928,Pork Rinds,Undeclared Allergen
081-2016,16/09/2016,2016,I,1,915,Beef Tamales,Other
082-2016,16/09/2016,2016,I,1,0,Pork Sausages,Other
083-2016,17/09/2016,2016,I,1,82,Various Raw Meat Products,Other
084-2016,21/09/2016,2016,I,1,920,Chicken,Undeclared Allergen
085-2016,21/09/2016,2016,II,2,8694,Ready to Eat Ham,Extraneous Material
086-2016,22/09/2016,2016,I,1,1250,Pizza,Other
087-2016,24/09/2016,2016,I,1,0,Raw and Non-intact Beef and Bison,E. coli
088-2016,24/09/2016,2016,I,1,90,Spaghetti and Sausage,Other
089-2016,27/09/2016,2016,I,1,132520,Fully Cooked Chicken Nuggets,Extraneous Material
090-2016,27/09/2016,2016,I,1,2100,Boneless Beef Trimming,E. coli
091-2016,30/09/2016,2016,I,1,216367,Ground Beef,E. coli
092-2016,03/10/2016,2016,I,1,170,RTE Bacon,Listeria monocytogenes
093-2016,09/10/2016,2016,I,1,969,Ham and American Cracker Stacker,Undeclared Allergen
094-2016,12/10/2016,2016,I,1,2064,Rendered Animal Fat,Undeclared Allergen
095-2016,14/10/2016,2016,I,1,2349,Non-intact Beef and Veal,E. coli
096-2016,15/10/2016,2016,I,1,1148,Popcorn Chicken,Extraneous Material
097-2016,15/10/2016,2016,I,1,54011,Sliced and Log Turkey Breast,Extraneous Material
098-2016,21/10/2016,2016,II,2,126570,Pulled Pork Products,Undeclared Allergen
099-2016,21/10/2016,2016,I,1,26800,Chicken and Dumplings,Undeclared Allergen
100-2016,25/10/2016,2016,I,1,5610,Canned Chicken,Extraneous Material
101-2016,26/10/2016,2016,I,1,3895,Chicken and Pork Bologna,Undeclared Allergen
102-2016,03/11/2016,2016,I,1,741,Beef Jerky Products,Other
103-2016,06/11/2016,2016,II,2,21403,Breaded Chicken Patties,Extraneous Material
104-2016,08/11/2016,2016,I,1,1689,Beef and Pork Snack Stick Products ,Extraneous Material
105-2016,08/11/2016,2016,I,1,1710,Egg Pork Roll,Undeclared Allergen
106-2016,12/11/2016,2016,I,1,62,Chicken Breasts,Processing Defect
107-2016,15/11/2016,2016,II,2,108,Beef Shepherd's Pie,Undeclared Allergen
108-2016,17/11/2016,2016,II,2,237891,Pork Barbecue Products,Undeclared Allergen
109-2016,17/11/2016,2016,I,1,932,Cured Dried Pork Loin,Processing Defect
110-2016,18/11/2016,2016,I,1,4059,Chicken Breasts,Processing Defect
111-2016,22/11/2016,2016,I,1,5022,Pork Homestyle Gravy,Undeclared Allergen
112-2016,22/11/2016,2016,II,2,191695,RTE Roasted Chicken Quarters,Undeclared Allergen
113-2016,22/11/2016,2016,I,1,455,Chicken Chili Soup,Listeria monocytogenes
114-2016,23/11/2016,2016,I,1,305,Meatballs,Undeclared Allergen
115-2016,23/11/2016,2016,I,1,1993528,Various RTE Chicken Products,Processing Defect
116-2016,08/12/2016,2016,I,1,79,Meatloaf,Undeclared Allergen
117-2016,12/12/2016,2016,III,3,50991,Raw Beef Products,Other
118-2016,15/12/2016,2016,I,1,23040,Breaded veal products,Undeclared Allergen
119-2016,21/12/2016,2016,II,2,23544,Beef and Cheese Tortilla Products,Extraneous Material
120-2016,22/12/2016,2016,I,1,7629,Pork Skin Products,Salmonella
121-2016,22/12/2016,2016,I,1,4607,Boneless Veal,E. coli
122-2016,24/12/2016,2016,I,1,25332,Poultry and Rice Entrees,Undeclared Allergen
001-2017,05/01/2017,2017,III,3,1288,Raw sausage products,Undeclared Substance
002-2017,09/01/2017,2017,I,1,2330,Chicken Breast Tenders,Extraneous Material
003-2017,10/01/2017,2017,I,1,3546,Lemon Pepper Chicken Entrees,Undeclared Allergen
004-2017,12/01/2017,2017,I,1,3096,Chicken Soup,Undeclared Allergen
005-2017,14/01/2017,2017,I,1,1124,Pork spare ribs and rib tips,Other
006-2017,18/01/2017,2017,III,3,1905,Fully Cooked Turkey without Giblets,Undeclared Substance
007-2017,18/01/2017,2017,III,3,204,Chicken salad,Other
008-2017,19/01/2017,2017,I,1,1080,sweet chili chicken ,Undeclared Allergen
009-2017,20/01/2017,2017,I,1,6348,Ready to Eat Chicken products,Processing Defect
010-2017,25/01/2017,2017,III,3,2579,Pork Sausages,Undeclared Substance
011-2017,07/02/2017,2017,I,1,45,Chili Flavored Soups w/chkn or beef,Undeclared Allergen
012-2017,11/02/2017,2017,I,1,6630,Chicken and pork salad products,Listeria monocytogenes
013-2017,15/02/2017,2017,III,3,999419,Chicken sausage products,Undeclared Substance
014-2017,22/02/2017,2017,I,1,468,Mortadella,Undeclared Allergen
015-2017,22/02/2017,2017,I,1,59225,Chicken Salad Products,Listeria monocytogenes
016-2017,28/02/2017,2017,I,1,3236,RTE Meat and Poultry Products,Listeria monocytogenes
017-2017,28/02/2017,2017,I,1,12610,RTE Breaded White Meat Chicken Bite,Processing Defect
018-2017,01/03/2017,2017,I,1,140,Seasoned Ground Pork and Beef,Undeclared Allergen
019-2017,01/03/2017,2017,I,1,151,Beef Jerky,Other
020-2017,02/03/2017,2017,I,1,40680,Veal products,E. coli
021-2017,06/03/2017,2017,III,3,8430,Shaved Steak,Extraneous Material
022-2017,06/03/2017,2017,III,3,13330,Raw pork sausage products ,Undeclared Substance
023-2017,09/03/2017,2017,I,1,63252,Ready to eat beef products,Extraneous Material
024-2017,09/03/2017,2017,I,1,5750,Salami and Soppressata,Undeclared Allergen
025-2017,15/03/2017,2017,I,1,21220,"Marketside  16 supreme pizzas""",Listeria monocytogenes
026-2017,16/03/2017,2017,I,1,8622,Breakfast Burrito,Extraneous Material
027-2017,19/03/2017,2017,I,1,73742,Boneless Beef,E. coli
028-2017,21/03/2017,2017,I,1,178335,Pork Dumpling products,Other
029-2017,22/03/2017,2017,II,2,22466,Beef venison and ostrich jerky ,Undeclared Allergen
030-2017,23/03/2017,2017,I,1,933272,RTE breaded chicken products,Extraneous Material
031-2017,24/03/2017,2017,II,2,35168,RTE Beef products,Extraneous Material
032-2017,24/03/2017,2017,II,2,1695,Siluriformes fish (catfish),Residue
033-2017,05/04/2017,2017,I,1,150,Chicken Salad,Undeclared Allergen
034-2017,08/04/2017,2017,I,1,3434,Baby Greens w/Turkey & Mango salad,Undeclared Allergen
035-2017,20/04/2017,2017,I,1,30537,Chicken w/ Cheese and Bean Burrito,Undeclared Allergen
036-2017,22/04/2017,2017,I,1,4185,Chicken Soups,Undeclared Allergen
037-2017,24/04/2017,2017,I,1,42147,RTE Chicken Breasts,Processing Defect
038-2017,24/04/2017,2017,I,1,139909,RTE smoked and poultry sausages,Extraneous Material
039-2017,25/04/2017,2017,I,1,8822,RTE Hams,Listeria monocytogenes
040-2017,27/04/2017,2017,I,1,0,Ground Beef,E. coli
041-2017,27/04/2017,2017,II,2,131880,Chicken breast patties,Extraneous Material
042-2017,03/05/2017,2017,I,1,24768,RTE Ham and Cheese Quiche products,Other
043-2017,03/05/2017,2017,I,1,8685,Beef Chili Colorado products,Undeclared Allergen
044-2017,04/05/2017,2017,I,1,5620,Raw beef veal and pork products,E. coli
045-2017,06/05/2017,2017,I,1,2148,Harvestland Fully Cooked Organic It,Extraneous Material
046-2017,08/05/2017,2017,I,1,4015,Beef patties ,Undeclared Allergen
047-2017,10/05/2017,2017,I,1,5946,Turkey ham and cheese sandwiches,Listeria monocytogenes
048-2017,11/05/2017,2017,II,2,1495,Raw young whole chicken ,Residue
049-2017,12/05/2017,2017,I,1,130071,Frozen entree products,Listeria monocytogenes
050-2017,13/05/2017,2017,I,1,252854,Ready to eat burritos,Listeria monocytogenes
051-2017,18/05/2017,2017,I,1,1210,Beef Bone and Spicy Pork Bone Broth,Other
052-2017,19/05/2017,2017,II,2,210606,Beef Franks,Extraneous Material
053-2017,20/05/2017,2017,II,2,319000,Frozen meat and poultry products,Other
054-2017,24/05/2017,2017,II,2,90978,Breakfast sausage items,Extraneous Material
055-2017,25/05/2017,2017,I,1,5248,Waffles an Turkey Sausage,Listeria monocytogenes
056-2017,26/05/2017,2017,I,1,5163,Beef Broth Products,Other
057-2017,27/05/2017,2017,II,2,45985,Raw beef trimmimgs,Other
058-2017,02/06/2017,2017,I,1,2959,Gia Russa Double Stuffed Pepperoni ,Extraneous Material
059-2017,05/06/2017,2017,I,1,22832,Ground Beef and Beef Primals,E. coli
060-2017,08/06/2017,2017,I,1,54699,Raw Breaded Chicken Products,Undeclared Allergen
061-2017,08/06/2017,2017,I,1,174000,Various beef products ,Undeclared Allergen
062-2017,08/06/2017,2017,I,1,18570,Chicken Salad products,Undeclared Allergen
063-2017,08/06/2017,2017,I,1,4335,Ready-to-Eat (RTE) breaded chicken ,Undeclared Allergen
064-2017,09/06/2017,2017,I,1,44035,Raw sausage,Undeclared Allergen
065-2017,09/06/2017,2017,I,1,717338,RTE pasta and meatballs,Undeclared Allergen
066-2017,09/06/2017,2017,I,1,2415,Ready-to-eat meat and poultry salad,Listeria monocytogenes
067-2017,09/06/2017,2017,I,1,2485374,RTE breaded chicken products,Undeclared Allergen
068-2017,09/06/2017,2017,I,1,294744,RTE breaded chicken products,Undeclared Allergen
069-2017,10/06/2017,2017,I,1,9690,RTE chicken salad,Undeclared Allergen
070-2017,13/06/2017,2017,I,1,197,Freeze Dried Beef product,Extraneous Material
071-2017,13/06/2017,2017,I,1,114409,Beef Ravioli products,Undeclared Allergen
072-2017,14/06/2017,2017,I,1,31662,RTE beef and poultry products,Undeclared Allergen
073-2017,16/06/2017,2017,I,1,1190, Breaded Swai (Siluriformes),Undeclared Allergen
074-2017,16/06/2017,2017,I,1,984,Ham,Other
075-2017,16/06/2017,2017,I,1,325000,beef pork and duck fat and lard,Processing Defect
076-2017,23/06/2017,2017,I,1,61538,Sam's Choice brand Asian Style Beef,Undeclared Allergen
077-2017,23/06/2017,2017,I,1,4275425,Breaded RTE chicken nuggest,Undeclared Allergen
078-2017,24/06/2017,2017,I,1,54630,RTE chicken bites,Extraneous Material
079-2017,28/06/2017,2017,I,1,84000,Frozen Swai Fillets (Siluriformes),Other
080-2017,01/07/2017,2017,I,1,440,Buffalo Style Chicken Salad,Undeclared Allergen
081-2017,14/07/2017,2017,II,2,9444,Chicken Base and Beef Base Paste,Undeclared Allergen
082-2017,14/07/2017,2017,I,1,7196084,Hot dogs,Extraneous Material
083-2017,20/07/2017,2017,I,1,10,Pork Kolbassi,Other
084-2017,24/07/2017,2017,I,1,981,Stromboli products,Undeclared Allergen
085-2017,25/07/2017,2017,II,2,17847,PEPPERONI PIZZA ,Undeclared Allergen
086-2017,01/08/2017,2017,III,3,4922,Ground beef,Extraneous Material
087-2017,02/08/2017,2017,I,1,20638,NRTE chicken entrees,Undeclared Allergen
088-2017,05/08/2017,2017,II,2,115773,RTE ham products,Undeclared Allergen
089-2017,07/08/2017,2017,I,1,1290,Raw intact and non-intact beef ,E. coli
090-2017,09/08/2017,2017,III,3,2133,Morrison Aussie Pies Steak and Mush,Undeclared Substance
091-2017,09/08/2017,2017,I,1,3960,Beef patties,Undeclared Allergen
092-2017,12/08/2017,2017,I,1,4805,Poultry entree's,Undeclared Allergen
093-2017,15/08/2017,2017,II,2,1719,Chicken Caesar Salads,Undeclared Allergen
094-2017,22/08/2017,2017,I,1,1134,Pork Sausage Patties,Listeria monocytogenes
095-2017,23/08/2017,2017,I,1,20446,Fully cooked chicken skewer product,Listeria monocytogenes
096-2017,25/08/2017,2017,II,2,3448,Chicken breakfast sausage produc,Undeclared Allergen
097-2017,26/08/2017,2017,I,1,12169,Skinless frozen pork bellies,Other
098-2017,26/08/2017,2017,I,1,15092,Frozen beef pork and chicken produ,Undeclared Allergen
099-2017,30/08/2017,2017,I,1,32228,RTE Chicken Sausage Product,Undeclared Allergen
100-2017,08/09/2017,2017,I,1,123,Italian Style Meatballs,Undeclared Allergen
101-2017,15/09/2017,2017,I,1,63823,NRTE Pork Sausage Products,Undeclared Allergen
102-2017,16/09/2017,2017,I,1,1252,NRTE smoked meat products,Processing Defect
103-2017,29/09/2017,2017,I,1,0,Smoked Turkey Drumsticks,Undeclared Allergen
104-2017,02/10/2017,2017,II,2,38475,Ground Turkey Products,Extraneous Material
105-2017,03/10/2017,2017,II,2,1150,Raw chicken thigh products,Undeclared Allergen
106-2017,04/10/2017,2017,I,1,700,Ground beef,E. coli
107-2017,05/10/2017,2017,II,2,1222,RTE beef products,Undeclared Allergen
108-2017,12/10/2017,2017,I,1,133,Ground beef,E. coli
109-2017,12/10/2017,2017,II,2,12816,Shredded Beef,Extraneous Material
110-2017,13/10/2017,2017,II,2,22630,Genoa Salami and Capocollo ,Extraneous Material
111-2017,17/10/2017,2017,I,1,8000,Chicken and Pork products,Undeclared Allergen
112-2017,17/10/2017,2017,I,1,32136,RTE bagged soups,Extraneous Material
113-2017,18/10/2017,2017,I,1,4225,Marinated scallops wrapped in bacon,Undeclared Allergen
114-2017,20/10/2017,2017,I,1,701,Chicken products,Listeria monocytogenes
115-2017,28/10/2017,2017,II,2,732,Taylor Farms American Style Pasta S,Undeclared Allergen
116-2017,01/11/2017,2017,I,1,28064,Meat and Poultry Burrito and Wrap ,Listeria monocytogenes
117-2017,02/11/2017,2017,I,1,269,RTE meat and poultry products ,Other
118-2017,08/11/2017,2017,I,1,26000,Beef and Pork Hot pockets,Undeclared Allergen
119-2017,09/11/2017,2017,I,1,10839,Raw chicken breast product,Extraneous Material
120-2017,13/11/2017,2017,I,1,231,RTE meat and poultry products,Other
121-2017,14/11/2017,2017,I,1,264,RTE Chicken with rice,Listeria monocytogenes
122-2017,15/11/2017,2017,II,2,116,Beef Tongues,Other
123-2017,16/11/2017,2017,I,1,297828,Chicken and pork products,Other
124-2017,16/11/2017,2017,I,1,46,Chicken  products ,Undeclared Allergen
125-2017,18/11/2017,2017,I,1,36854,RTE Chicken and Turkey Salads,Extraneous Material
126-2017,01/12/2017,2017,I,1,46810,Beef meatballs,Undeclared Allergen
127-2017,01/12/2017,2017,I,1,813,Rafedain Fully Cooked Chicken Patty,Undeclared Allergen
128-2017,12/12/2017,2017,II,2,143,Genoa Salami,Extraneous Material
129-2017,16/12/2017,2017,I,1,1076,Salami and Prosciutto,Salmonella
130-2017,21/12/2017,2017,I,1,7570,Ground beef,Undeclared Allergen
131-2017,26/12/2017,2017,I,1,4702,Boneless stew meat,Extraneous Material